Image,target
508.jpg,kathakali
246.jpg,bharatanatyam
473.jpg,bharatanatyam
485.jpg,kathakali
128.jpg,kathakali
410.jpg,kathakali
465.jpg,odissi
196.jpg,bharatanatyam
340.jpg,bharatanatyam
467.jpg,bharatanatyam
306.jpg,kathak
171.jpg,kuchipudi
323.jpg,kathakali
332.jpg,kathakali
330.jpg,kathakali
170.jpg,kathakali
479.jpg,kuchipudi
9.jpg,mohiniyattam
283.jpg,mohiniyattam
114.jpg,bharatanatyam
507.jpg,kathakali
183.jpg,bharatanatyam
200.jpg,kathakali
457.jpg,kathakali
264.jpg,bharatanatyam
194.jpg,kathakali
518.jpg,kathakali
175.jpg,kuchipudi
64.jpg,bharatanatyam
152.jpg,bharatanatyam
270.jpg,bharatanatyam
125.jpg,bharatanatyam
38.jpg,bharatanatyam
440.jpg,kathakali
302.jpg,kathakali
394.jpg,bharatanatyam
448.jpg,kathakali
463.jpg,bharatanatyam
20.jpg,kuchipudi
301.jpg,bharatanatyam
28.jpg,kathakali
61.jpg,bharatanatyam
398.jpg,kathakali
349.jpg,bharatanatyam
271.jpg,bharatanatyam
286.jpg,bharatanatyam
431.jpg,kathakali
316.jpg,bharatanatyam
224.jpg,bharatanatyam
411.jpg,sattriya
278.jpg,kathak
456.jpg,bharatanatyam
45.jpg,mohiniyattam
324.jpg,kathakali
6.jpg,odissi
59.jpg,odissi
86.jpg,kathakali
470.jpg,bharatanatyam
374.jpg,kathak
132.jpg,manipuri
216.jpg,bharatanatyam
95.jpg,kathakali
17.jpg,kathakali
162.jpg,bharatanatyam
346.jpg,kuchipudi
439.jpg,kathakali
232.jpg,kathakali
150.jpg,kathakali
401.jpg,kathak
145.jpg,bharatanatyam
23.jpg,bharatanatyam
514.jpg,kathakali
193.jpg,kathakali
416.jpg,kuchipudi
447.jpg,bharatanatyam
220.jpg,kathakali
505.jpg,bharatanatyam
147.jpg,bharatanatyam
210.jpg,kathakali
40.jpg,kathakali
284.jpg,odissi
55.jpg,odissi
378.jpg,kathak
520.jpg,bharatanatyam
484.jpg,kathakali
112.jpg,kathak
360.jpg,bharatanatyam
317.jpg,bharatanatyam
71.jpg,bharatanatyam
202.jpg,bharatanatyam
92.jpg,odissi
11.jpg,bharatanatyam
67.jpg,bharatanatyam
138.jpg,sattriya
506.jpg,odissi
146.jpg,kuchipudi
318.jpg,kathakali
198.jpg,bharatanatyam
375.jpg,bharatanatyam
41.jpg,kuchipudi
421.jpg,bharatanatyam
129.jpg,kathakali
14.jpg,kuchipudi
460.jpg,bharatanatyam
34.jpg,kathakali
380.jpg,kathakali
238.jpg,bharatanatyam
392.jpg,kathakali
80.jpg,kuchipudi
517.jpg,kathakali
13.jpg,bharatanatyam
189.jpg,odissi
390.jpg,bharatanatyam
487.jpg,kathakali
438.jpg,bharatanatyam
482.jpg,bharatanatyam
206.jpg,bharatanatyam
217.jpg,mohiniyattam
285.jpg,bharatanatyam
385.jpg,mohiniyattam
495.jpg,mohiniyattam
269.jpg,kathakali
429.jpg,bharatanatyam
291.jpg,bharatanatyam
461.jpg,kuchipudi
256.jpg,odissi
48.jpg,bharatanatyam
290.jpg,bharatanatyam
437.jpg,kathakali
498.jpg,kuchipudi
173.jpg,kuchipudi
280.jpg,bharatanatyam
119.jpg,kathakali
363.jpg,kuchipudi
97.jpg,kathak
414.jpg,kathakali
386.jpg,bharatanatyam
424.jpg,kathakali
157.jpg,bharatanatyam
33.jpg,kathakali
354.jpg,kathakali
57.jpg,bharatanatyam
108.jpg,bharatanatyam
239.jpg,bharatanatyam
441.jpg,kathak
215.jpg,kathakali
373.jpg,bharatanatyam
292.jpg,bharatanatyam
110.jpg,kathakali
510.jpg,bharatanatyam
275.jpg,mohiniyattam
366.jpg,bharatanatyam
226.jpg,bharatanatyam
35.jpg,bharatanatyam
458.jpg,bharatanatyam
358.jpg,odissi
